number,value,datetime_start,datetime_complete,duration,params_hmm_components,params_hmm_favourable,params_hmm_gate,params_hmm_threshold,params_hmm_train_years,state
0,9.639645249623923,2026-04-03 15:58:51.267687,2026-04-03 15:58:53.186065,0 days 00:00:01.918378,4,3,threshold,0.9524791518535967,5.0,COMPLETE
1,0.4348972418054764,2026-04-03 15:58:53.186253,2026-04-03 15:58:54.057581,0 days 00:00:00.871328,6,1,threshold,0.8718392328470683,5.0,COMPLETE
2,11.828388912158626,2026-04-03 15:58:54.057698,2026-04-03 15:58:54.482922,0 days 00:00:00.425224,2,1,threshold,0.9712646604084909,5.0,COMPLETE
3,6.2250953889840455,2026-04-03 15:58:54.483036,2026-04-03 15:58:55.383480,0 days 00:00:00.900444,6,4,threshold,0.8528818292014123,5.0,COMPLETE
4,8.353441213339813,2026-04-03 15:58:55.383598,2026-04-03 15:58:56.594504,0 days 00:00:01.210906,8,6,threshold,0.8797274754949587,5.0,COMPLETE
5,5.911424670564549,2026-04-03 15:58:56.594628,2026-04-03 15:58:57.080297,0 days 00:00:00.485669,3,1,threshold,0.8925939140143353,5.0,COMPLETE
6,1.2226970242183888,2026-04-03 15:58:57.080419,2026-04-03 15:58:57.868579,0 days 00:00:00.788160,5,2,threshold,0.8907720796277259,5.0,COMPLETE
7,0.4348972418054764,2026-04-03 15:58:57.868701,2026-04-03 15:58:58.719366,0 days 00:00:00.850665,6,1,threshold,0.8909002507949305,5.0,COMPLETE
8,6.033387047570024,2026-04-03 15:58:58.719487,2026-04-03 15:58:59.314115,0 days 00:00:00.594628,4,2,threshold,0.9599246345950219,5.0,COMPLETE
9,10.858094678526657,2026-04-03 15:58:59.314255,2026-04-03 15:58:59.776255,0 days 00:00:00.462000,3,2,threshold,0.9329380396406859,5.0,COMPLETE
10,11.816721723795883,2026-04-03 15:58:59.776369,2026-04-03 15:59:00.178237,0 days 00:00:00.401868,2,1,threshold,0.9804570243212278,5.0,COMPLETE
11,11.816721723795883,2026-04-03 15:59:00.178367,2026-04-03 15:59:00.577548,0 days 00:00:00.399181,2,1,threshold,0.9835770549835151,5.0,COMPLETE
12,11.816721723795883,2026-04-03 15:59:00.577670,2026-04-03 15:59:00.972862,0 days 00:00:00.395192,2,1,threshold,0.9797250994514798,5.0,COMPLETE
13,11.247474097447775,2026-04-03 15:59:00.972983,2026-04-03 15:59:01.370730,0 days 00:00:00.397747,2,1,threshold,0.959892459140213,5.0,COMPLETE
14,5.854091201389426,2026-04-03 15:59:01.370842,2026-04-03 15:59:01.852760,0 days 00:00:00.481918,3,1,threshold,0.9338416134407657,5.0,COMPLETE
15,9.782240682952253,2026-04-03 15:59:01.852877,2026-04-03 15:59:03.058777,0 days 00:00:01.205900,8,6,threshold,0.9888310255774024,5.0,COMPLETE
16,7.039792863154842,2026-04-03 15:59:03.058899,2026-04-03 15:59:03.631473,0 days 00:00:00.572574,4,2,threshold,0.9687106151935012,5.0,COMPLETE
17,12.263037611243272,2026-04-03 15:59:03.631604,2026-04-03 15:59:04.028270,0 days 00:00:00.396666,2,1,threshold,0.915624843746603,5.0,COMPLETE
18,5.854091201389426,2026-04-03 15:59:04.028388,2026-04-03 15:59:04.490033,0 days 00:00:00.461645,3,1,threshold,0.9191637751238444,5.0,COMPLETE
19,6.697663021795859,2026-04-03 15:59:04.490151,2026-04-03 15:59:05.286566,0 days 00:00:00.796415,5,3,threshold,0.9231478943028409,5.0,COMPLETE
20,14.267492320071238,2026-04-03 15:59:05.286685,2026-04-03 15:59:06.372030,0 days 00:00:01.085345,7,5,threshold,0.9084125711067956,5.0,COMPLETE
21,14.267492320071238,2026-04-03 15:59:06.372171,2026-04-03 15:59:07.460281,0 days 00:00:01.088110,7,5,threshold,0.9093228419840796,5.0,COMPLETE
22,14.267492320071238,2026-04-03 15:59:07.460397,2026-04-03 15:59:08.544948,0 days 00:00:01.084551,7,5,threshold,0.9066046830220424,5.0,COMPLETE
23,14.267492320071238,2026-04-03 15:59:08.545072,2026-04-03 15:59:09.657093,0 days 00:00:01.112021,7,5,threshold,0.9062076655514657,5.0,COMPLETE
24,14.11916848936546,2026-04-03 15:59:09.657212,2026-04-03 15:59:10.753609,0 days 00:00:01.096397,7,5,threshold,0.9054593490357001,5.0,COMPLETE
25,14.84062156584923,2026-04-03 15:59:10.753727,2026-04-03 15:59:11.845622,0 days 00:00:01.091895,7,5,threshold,0.9385213186479306,5.0,COMPLETE
26,3.0127125708431994,2026-04-03 15:59:11.845739,2026-04-03 15:59:13.040925,0 days 00:00:01.195186,8,4,threshold,0.9422640046732563,5.0,COMPLETE
27,14.84062156584923,2026-04-03 15:59:13.041044,2026-04-03 15:59:14.127649,0 days 00:00:01.086605,7,5,threshold,0.9383821699067688,5.0,COMPLETE
28,7.212796875166838,2026-04-03 15:59:14.127761,2026-04-03 15:59:14.988271,0 days 00:00:00.860510,6,4,threshold,0.9433099865588722,5.0,COMPLETE
29,15.311390529476382,2026-04-03 15:59:14.988382,2026-04-03 15:59:16.081878,0 days 00:00:01.093496,7,6,threshold,0.9488314323309355,5.0,COMPLETE
30,14.78507333791643,2026-04-03 15:59:16.082004,2026-04-03 15:59:17.281351,0 days 00:00:01.199347,8,7,threshold,0.9463925634114626,5.0,COMPLETE
31,14.78507333791643,2026-04-03 15:59:17.281467,2026-04-03 15:59:18.510904,0 days 00:00:01.229437,8,7,threshold,0.9508226251040889,5.0,COMPLETE
32,14.676893004000593,2026-04-03 15:59:18.511028,2026-04-03 15:59:19.714930,0 days 00:00:01.203902,8,7,threshold,0.9314006601798068,5.0,COMPLETE
33,11.309566490697238,2026-04-03 15:59:19.715050,2026-04-03 15:59:20.571815,0 days 00:00:00.856765,6,5,threshold,0.9482994801952878,5.0,COMPLETE
34,15.59499300195367,2026-04-03 15:59:20.571940,2026-04-03 15:59:21.658118,0 days 00:00:01.086178,7,6,threshold,0.9639591187808965,5.0,COMPLETE
35,15.59499300195367,2026-04-03 15:59:21.658238,2026-04-03 15:59:22.748924,0 days 00:00:01.090686,7,6,threshold,0.9637782176958916,5.0,COMPLETE
36,8.407053699319397,2026-04-03 15:59:22.749045,2026-04-03 15:59:23.603552,0 days 00:00:00.854507,6,4,threshold,0.9582863539618169,5.0,COMPLETE
37,15.59499300195367,2026-04-03 15:59:23.603669,2026-04-03 15:59:24.728622,0 days 00:00:01.124953,7,6,threshold,0.9675751688500872,5.0,COMPLETE
38,14.374766954030768,2026-04-03 15:59:24.728756,2026-04-03 15:59:25.739533,0 days 00:00:01.010777,5,4,threshold,0.9709898652487366,5.0,COMPLETE
39,11.309566490697238,2026-04-03 15:59:25.739687,2026-04-03 15:59:26.645458,0 days 00:00:00.905771,6,5,threshold,0.9663199593492124,5.0,COMPLETE
40,15.59499300195367,2026-04-03 15:59:26.645580,2026-04-03 15:59:27.828083,0 days 00:00:01.182503,7,6,threshold,0.9637102437006101,5.0,COMPLETE
41,15.59499300195367,2026-04-03 15:59:27.828206,2026-04-03 15:59:28.914653,0 days 00:00:01.086447,7,6,threshold,0.9756253688368637,5.0,COMPLETE
42,15.59499300195367,2026-04-03 15:59:28.914777,2026-04-03 15:59:30.003871,0 days 00:00:01.089094,7,6,threshold,0.9630149963708955,5.0,COMPLETE
43,11.309566490697238,2026-04-03 15:59:30.003991,2026-04-03 15:59:30.862237,0 days 00:00:00.858246,6,5,threshold,0.9763310915199798,5.0,COMPLETE
44,8.113093975020574,2026-04-03 15:59:30.862354,2026-04-03 15:59:32.072685,0 days 00:00:01.210331,8,6,threshold,0.9748717703134501,5.0,COMPLETE
45,13.876001944236153,2026-04-03 15:59:32.072805,2026-04-03 15:59:32.875363,0 days 00:00:00.802558,5,4,threshold,0.9881535997715724,5.0,COMPLETE
46,6.2250953889840455,2026-04-03 15:59:32.875478,2026-04-03 15:59:33.741042,0 days 00:00:00.865564,6,3,threshold,0.8667933454202155,5.0,COMPLETE
47,15.311390529476382,2026-04-03 15:59:33.741168,2026-04-03 15:59:34.835536,0 days 00:00:01.094368,7,6,threshold,0.9555051957650958,5.0,COMPLETE
48,15.068675810393717,2026-04-03 15:59:34.835651,2026-04-03 15:59:36.065775,0 days 00:00:01.230124,8,7,threshold,0.9665925192295122,5.0,COMPLETE
49,15.59499300195367,2026-04-03 15:59:36.065896,2026-04-03 15:59:37.158576,0 days 00:00:01.092680,7,6,threshold,0.9834342877213942,5.0,COMPLETE
50,11.309566490697238,2026-04-03 15:59:37.158698,2026-04-03 15:59:38.019229,0 days 00:00:00.860531,6,5,threshold,0.9749830141875919,5.0,COMPLETE
51,15.59499300195367,2026-04-03 15:59:38.019355,2026-04-03 15:59:39.106843,0 days 00:00:01.087488,7,6,threshold,0.9631425958689266,5.0,COMPLETE
52,15.311390529476382,2026-04-03 15:59:39.106964,2026-04-03 15:59:40.200793,0 days 00:00:01.093829,7,6,threshold,0.9553884399862655,5.0,COMPLETE
53,15.59499300195367,2026-04-03 15:59:40.200912,2026-04-03 15:59:41.291779,0 days 00:00:01.090867,7,6,threshold,0.9636821004228125,5.0,COMPLETE
54,16.422686131082358,2026-04-03 15:59:41.291896,2026-04-03 15:59:42.496655,0 days 00:00:01.204759,8,7,threshold,0.9713610363403016,5.0,COMPLETE
55,16.422686131082358,2026-04-03 15:59:42.496766,2026-04-03 15:59:43.691867,0 days 00:00:01.195101,8,7,threshold,0.9726675814013913,5.0,COMPLETE
56,16.422686131082358,2026-04-03 15:59:43.691988,2026-04-03 15:59:44.921102,0 days 00:00:01.229114,8,7,threshold,0.9822908537270485,5.0,COMPLETE
57,16.254222884993244,2026-04-03 15:59:44.921238,2026-04-03 15:59:46.121857,0 days 00:00:01.200619,8,7,threshold,0.9826073990955628,5.0,COMPLETE
58,16.56381974984851,2026-04-03 15:59:46.121985,2026-04-03 15:59:47.321887,0 days 00:00:01.199902,8,7,threshold,0.9887744568969424,5.0,COMPLETE
59,16.56381974984851,2026-04-03 15:59:47.322007,2026-04-03 15:59:48.516981,0 days 00:00:01.194974,8,7,threshold,0.9885974619397835,5.0,COMPLETE
60,16.56381974984851,2026-04-03 15:59:48.517095,2026-04-03 15:59:49.716001,0 days 00:00:01.198906,8,7,threshold,0.9887147687411477,5.0,COMPLETE
61,16.352971144309006,2026-04-03 15:59:49.716118,2026-04-03 15:59:50.916143,0 days 00:00:01.200025,8,7,threshold,0.9883407935329327,5.0,COMPLETE
62,16.56381974984851,2026-04-03 15:59:50.916260,2026-04-03 15:59:52.118478,0 days 00:00:01.202218,8,7,threshold,0.9894875159395454,5.0,COMPLETE
63,16.422686131082358,2026-04-03 15:59:52.118593,2026-04-03 15:59:53.325893,0 days 00:00:01.207300,8,7,threshold,0.9794583985805099,5.0,COMPLETE
64,16.56381974984851,2026-04-03 15:59:53.326010,2026-04-03 15:59:54.522450,0 days 00:00:01.196440,8,7,threshold,0.9892934156329752,5.0,COMPLETE
65,16.56381974984851,2026-04-03 15:59:54.522572,2026-04-03 15:59:55.755256,0 days 00:00:01.232684,8,7,threshold,0.9888099402887864,5.0,COMPLETE
66,16.56381974984851,2026-04-03 15:59:55.755373,2026-04-03 15:59:57.024030,0 days 00:00:01.268657,8,7,threshold,0.9889689668116418,5.0,COMPLETE
67,16.56381974984851,2026-04-03 15:59:57.024175,2026-04-03 15:59:58.271297,0 days 00:00:01.247122,8,7,threshold,0.9897626955376126,5.0,COMPLETE
68,16.254222884993244,2026-04-03 15:59:58.271415,2026-04-03 15:59:59.504897,0 days 00:00:01.233482,8,7,threshold,0.9857822937900932,5.0,COMPLETE
69,16.422686131082358,2026-04-03 15:59:59.505017,2026-04-03 16:00:00.706846,0 days 00:00:01.201829,8,7,threshold,0.9793890940389786,5.0,COMPLETE
70,16.254222884993244,2026-04-03 16:00:00.706962,2026-04-03 16:00:01.915071,0 days 00:00:01.208109,8,7,threshold,0.9855581668441245,5.0,COMPLETE
71,16.56381974984851,2026-04-03 16:00:01.915203,2026-04-03 16:00:03.243429,0 days 00:00:01.328226,8,7,threshold,0.989045778732182,5.0,COMPLETE
72,16.56381974984851,2026-04-03 16:00:03.243651,2026-04-03 16:00:04.447590,0 days 00:00:01.203939,8,7,threshold,0.9898685151395135,5.0,COMPLETE
73,16.422686131082358,2026-04-03 16:00:04.447709,2026-04-03 16:00:05.696519,0 days 00:00:01.248810,8,7,threshold,0.9792285951311634,5.0,COMPLETE
74,16.254222884993244,2026-04-03 16:00:05.696646,2026-04-03 16:00:06.893815,0 days 00:00:01.197169,8,7,threshold,0.9861155825138948,5.0,COMPLETE
75,16.254222884993244,2026-04-03 16:00:06.893947,2026-04-03 16:00:08.123392,0 days 00:00:01.229445,8,7,threshold,0.9830117677168964,5.0,COMPLETE
76,16.56381974984851,2026-04-03 16:00:08.123512,2026-04-03 16:00:09.323420,0 days 00:00:01.199908,8,7,threshold,0.9899754076520593,5.0,COMPLETE
77,16.422686131082358,2026-04-03 16:00:09.323537,2026-04-03 16:00:10.521239,0 days 00:00:01.197702,8,7,threshold,0.9783694524763634,5.0,COMPLETE
78,16.422686131082358,2026-04-03 16:00:10.521356,2026-04-03 16:00:11.732501,0 days 00:00:01.211145,8,7,threshold,0.9813119234647976,5.0,COMPLETE
79,6.801495574637199,2026-04-03 16:00:11.732620,2026-04-03 16:00:12.310646,0 days 00:00:00.578026,4,2,threshold,0.9853023094080201,5.0,COMPLETE
80,16.422686131082358,2026-04-03 16:00:12.310767,2026-04-03 16:00:13.512361,0 days 00:00:01.201594,8,7,threshold,0.970914135713907,5.0,COMPLETE
81,16.254222884993244,2026-04-03 16:00:13.512475,2026-04-03 16:00:14.719568,0 days 00:00:01.207093,8,7,threshold,0.9869529854843868,5.0,COMPLETE
82,16.56381974984851,2026-04-03 16:00:14.719689,2026-04-03 16:00:15.949012,0 days 00:00:01.229323,8,7,threshold,0.989727031714356,5.0,COMPLETE
83,14.047256579150739,2026-04-03 16:00:15.949146,2026-04-03 16:00:17.149976,0 days 00:00:01.200830,8,7,threshold,0.8993304571063773,5.0,COMPLETE
84,16.422686131082358,2026-04-03 16:00:17.150097,2026-04-03 16:00:18.349030,0 days 00:00:01.198933,8,7,threshold,0.9773750594222895,5.0,COMPLETE
85,16.254222884993244,2026-04-03 16:00:18.349146,2026-04-03 16:00:19.553230,0 days 00:00:01.204084,8,7,threshold,0.9852370623513943,5.0,COMPLETE
86,16.422686131082358,2026-04-03 16:00:19.553347,2026-04-03 16:00:20.749970,0 days 00:00:01.196623,8,7,threshold,0.9814409030773944,5.0,COMPLETE
87,16.422686131082358,2026-04-03 16:00:20.750091,2026-04-03 16:00:21.950130,0 days 00:00:01.200039,8,7,threshold,0.9735250803983057,5.0,COMPLETE
88,0.9917438907775941,2026-04-03 16:00:21.950248,2026-04-03 16:00:23.136943,0 days 00:00:01.186695,8,3,threshold,0.9844528398684743,5.0,COMPLETE
89,16.422686131082358,2026-04-03 16:00:23.137064,2026-04-03 16:00:24.333315,0 days 00:00:01.196251,8,7,threshold,0.9766937664881039,5.0,COMPLETE
90,8.353441213339813,2026-04-03 16:00:24.333433,2026-04-03 16:00:25.543538,0 days 00:00:01.210105,8,6,threshold,0.8608768631950826,5.0,COMPLETE
91,16.56381974984851,2026-04-03 16:00:25.543674,2026-04-03 16:00:26.771239,0 days 00:00:01.227565,8,7,threshold,0.9892696837284166,5.0,COMPLETE
92,16.56381974984851,2026-04-03 16:00:26.771366,2026-04-03 16:00:28.029877,0 days 00:00:01.258511,8,7,threshold,0.9899477483520777,5.0,COMPLETE
93,16.254222884993244,2026-04-03 16:00:28.030021,2026-04-03 16:00:29.327885,0 days 00:00:01.297864,8,7,threshold,0.9863626966002179,5.0,COMPLETE
94,4.928290062407978,2026-04-03 16:00:29.328005,2026-04-03 16:00:29.781050,0 days 00:00:00.453045,3,1,threshold,0.9814789720927896,5.0,COMPLETE
95,16.414213759114386,2026-04-03 16:00:29.781206,2026-04-03 16:00:30.915048,0 days 00:00:01.133842,7,6,threshold,0.9898293589745163,5.0,COMPLETE
96,14.11350002546431,2026-04-03 16:00:30.915166,2026-04-03 16:00:32.129425,0 days 00:00:01.214259,8,7,threshold,0.88162911712348,5.0,COMPLETE
97,16.254222884993244,2026-04-03 16:00:32.129542,2026-04-03 16:00:33.331454,0 days 00:00:01.201912,8,7,threshold,0.9833830546146765,5.0,COMPLETE
98,16.422686131082358,2026-04-03 16:00:33.331574,2026-04-03 16:00:34.532650,0 days 00:00:01.201076,8,7,threshold,0.9793257347614757,5.0,COMPLETE
99,15.59499300195367,2026-04-03 16:00:34.532768,2026-04-03 16:00:35.619315,0 days 00:00:01.086547,7,6,threshold,0.9867638294825527,5.0,COMPLETE
100,16.422686131082358,2026-04-03 16:00:35.619451,2026-04-03 16:00:36.868412,0 days 00:00:01.248961,8,7,threshold,0.9753296977190058,5.0,COMPLETE
101,16.56381974984851,2026-04-03 16:00:36.868538,2026-04-03 16:00:38.080196,0 days 00:00:01.211658,8,7,threshold,0.9896201806024454,5.0,COMPLETE
102,16.254222884993244,2026-04-03 16:00:38.080318,2026-04-03 16:00:39.281438,0 days 00:00:01.201120,8,7,threshold,0.9841917312999705,5.0,COMPLETE
103,14.676893004000593,2026-04-03 16:00:39.281552,2026-04-03 16:00:40.489708,0 days 00:00:01.208156,8,7,threshold,0.9266239999688977,5.0,COMPLETE
104,16.254222884993244,2026-04-03 16:00:40.489824,2026-04-03 16:00:41.694637,0 days 00:00:01.204813,8,7,threshold,0.9871862927961179,5.0,COMPLETE
105,16.422686131082358,2026-04-03 16:00:41.694755,2026-04-03 16:00:42.900568,0 days 00:00:01.205813,8,7,threshold,0.9814732824735347,5.0,COMPLETE
106,16.56381974984851,2026-04-03 16:00:42.900683,2026-04-03 16:00:44.103043,0 days 00:00:01.202360,8,7,threshold,0.9898617608443079,5.0,COMPLETE
107,15.59499300195367,2026-04-03 16:00:44.103165,2026-04-03 16:00:45.186890,0 days 00:00:01.083725,7,6,threshold,0.9700259652414767,5.0,COMPLETE
108,16.422686131082358,2026-04-03 16:00:45.187009,2026-04-03 16:00:46.390056,0 days 00:00:01.203047,8,7,threshold,0.9773681005422462,5.0,COMPLETE
109,16.254222884993244,2026-04-03 16:00:46.390177,2026-04-03 16:00:47.618801,0 days 00:00:01.228624,8,7,threshold,0.9836749582086627,5.0,COMPLETE
110,16.254222884993244,2026-04-03 16:00:47.618924,2026-04-03 16:00:48.819070,0 days 00:00:01.200146,8,7,threshold,0.9872379895728755,5.0,COMPLETE
111,16.56381974984851,2026-04-03 16:00:48.819186,2026-04-03 16:00:50.018402,0 days 00:00:01.199216,8,7,threshold,0.9899425928342099,5.0,COMPLETE
112,16.422686131082358,2026-04-03 16:00:50.018517,2026-04-03 16:00:51.214579,0 days 00:00:01.196062,8,7,threshold,0.9801703553596993,5.0,COMPLETE
113,16.254222884993244,2026-04-03 16:00:51.214699,2026-04-03 16:00:52.418815,0 days 00:00:01.204116,8,7,threshold,0.9854922601311575,5.0,COMPLETE
114,16.254222884993244,2026-04-03 16:00:52.418938,2026-04-03 16:00:53.620854,0 days 00:00:01.201916,8,7,threshold,0.9871265897979913,5.0,COMPLETE
115,16.254222884993244,2026-04-03 16:00:53.620974,2026-04-03 16:00:54.820246,0 days 00:00:01.199272,8,7,threshold,0.9826438952274293,5.0,COMPLETE
116,16.56381974984851,2026-04-03 16:00:54.820363,2026-04-03 16:00:56.016936,0 days 00:00:01.196573,8,7,threshold,0.9899925033859206,5.0,COMPLETE
117,15.59499300195367,2026-04-03 16:00:56.017051,2026-04-03 16:00:57.149705,0 days 00:00:01.132654,7,6,threshold,0.9795753146879982,5.0,COMPLETE
118,16.254222884993244,2026-04-03 16:00:57.149827,2026-04-03 16:00:58.346650,0 days 00:00:01.196823,8,7,threshold,0.9841838676971713,5.0,COMPLETE
119,16.422686131082358,2026-04-03 16:00:58.346766,2026-04-03 16:00:59.637799,0 days 00:00:01.291033,8,7,threshold,0.9734143955410828,5.0,COMPLETE
120,15.59499300195367,2026-04-03 16:00:59.637949,2026-04-03 16:01:00.805046,0 days 00:00:01.167097,7,6,threshold,0.9870208316028319,5.0,COMPLETE
121,16.254222884993244,2026-04-03 16:01:00.805168,2026-04-03 16:01:03.568184,0 days 00:00:02.763016,8,7,threshold,0.9875064173664809,5.0,COMPLETE
122,16.56381974984851,2026-04-03 16:01:03.568475,2026-04-03 16:01:05.328449,0 days 00:00:01.759974,8,7,threshold,0.9898796917315072,5.0,COMPLETE
123,16.422686131082358,2026-04-03 16:01:05.328803,2026-04-03 16:01:06.613497,0 days 00:00:01.284694,8,7,threshold,0.9820466286903828,5.0,COMPLETE
124,16.422686131082358,2026-04-03 16:01:06.613614,2026-04-03 16:01:07.840436,0 days 00:00:01.226822,8,7,threshold,0.9774746244689991,5.0,COMPLETE
125,16.254222884993244,2026-04-03 16:01:07.840559,2026-04-03 16:01:09.056616,0 days 00:00:01.216057,8,7,threshold,0.9872664625416726,5.0,COMPLETE
126,16.254222884993244,2026-04-03 16:01:09.056735,2026-04-03 16:01:10.326127,0 days 00:00:01.269392,8,7,threshold,0.9843625803535287,5.0,COMPLETE
127,16.254222884993244,2026-04-03 16:01:10.326250,2026-04-03 16:01:11.536280,0 days 00:00:01.210030,8,7,threshold,0.9845648543757015,5.0,COMPLETE
128,16.254222884993244,2026-04-03 16:01:11.536401,2026-04-03 16:01:12.747067,0 days 00:00:01.210666,8,7,threshold,0.9879769559195585,5.0,COMPLETE
129,13.536660994825317,2026-04-03 16:01:12.747187,2026-04-03 16:01:13.564086,0 days 00:00:00.816899,5,4,threshold,0.9805994214439122,5.0,COMPLETE
130,16.422686131082358,2026-04-03 16:01:13.564214,2026-04-03 16:01:14.771911,0 days 00:00:01.207697,8,7,threshold,0.9769799633994799,5.0,COMPLETE
131,16.56381974984851,2026-04-03 16:01:14.772032,2026-04-03 16:01:15.977810,0 days 00:00:01.205778,8,7,threshold,0.9887796572610476,5.0,COMPLETE
132,16.56381974984851,2026-04-03 16:01:15.977925,2026-04-03 16:01:17.286545,0 days 00:00:01.308620,8,7,threshold,0.9898335785323423,5.0,COMPLETE
133,16.254222884993244,2026-04-03 16:01:17.286718,2026-04-03 16:01:18.525435,0 days 00:00:01.238717,8,7,threshold,0.9841858221195907,5.0,COMPLETE
134,7.735531945530499,2026-04-03 16:01:18.525554,2026-04-03 16:01:19.096261,0 days 00:00:00.570707,4,3,threshold,0.9898364975666832,5.0,COMPLETE
135,16.422686131082358,2026-04-03 16:01:19.096382,2026-04-03 16:01:20.329738,0 days 00:00:01.233356,8,7,threshold,0.9819681132876589,5.0,COMPLETE
136,16.254222884993244,2026-04-03 16:01:20.329867,2026-04-03 16:01:21.527607,0 days 00:00:01.197740,8,7,threshold,0.9861260033988615,5.0,COMPLETE
137,16.422686131082358,2026-04-03 16:01:21.527728,2026-04-03 16:01:22.738684,0 days 00:00:01.210956,8,7,threshold,0.9799432892709528,5.0,COMPLETE
138,16.56381974984851,2026-04-03 16:01:22.738805,2026-04-03 16:01:23.940579,0 days 00:00:01.201774,8,7,threshold,0.9899872334332297,5.0,COMPLETE
139,16.254222884993244,2026-04-03 16:01:23.940697,2026-04-03 16:01:25.158160,0 days 00:00:01.217463,8,7,threshold,0.985492326759137,5.0,COMPLETE
140,16.422686131082358,2026-04-03 16:01:25.158278,2026-04-03 16:01:26.361644,0 days 00:00:01.203366,8,7,threshold,0.9821497270274134,5.0,COMPLETE
141,15.026870211365459,2026-04-03 16:01:26.361769,2026-04-03 16:01:27.558588,0 days 00:00:01.196819,8,7,threshold,0.8505971908035571,5.0,COMPLETE
142,16.254222884993244,2026-04-03 16:01:27.558705,2026-04-03 16:01:28.762663,0 days 00:00:01.203958,8,7,threshold,0.987458921397777,5.0,COMPLETE
143,16.56381974984851,2026-04-03 16:01:28.762787,2026-04-03 16:01:29.970185,0 days 00:00:01.207398,8,7,threshold,0.989943861945002,5.0,COMPLETE
144,16.254222884993244,2026-04-03 16:01:29.970305,2026-04-03 16:01:31.207417,0 days 00:00:01.237112,8,7,threshold,0.9847414290760568,5.0,COMPLETE
145,16.254222884993244,2026-04-03 16:01:31.207536,2026-04-03 16:01:32.408423,0 days 00:00:01.200887,8,7,threshold,0.9866835899946944,5.0,COMPLETE
146,16.254222884993244,2026-04-03 16:01:32.408539,2026-04-03 16:01:33.616127,0 days 00:00:01.207588,8,7,threshold,0.9828576212671616,5.0,COMPLETE
147,16.254222884993244,2026-04-03 16:01:33.616246,2026-04-03 16:01:34.820750,0 days 00:00:01.204504,8,7,threshold,0.9876560312274846,5.0,COMPLETE
148,16.422686131082358,2026-04-03 16:01:34.820880,2026-04-03 16:01:36.025302,0 days 00:00:01.204422,8,7,threshold,0.9795940403981566,5.0,COMPLETE
149,16.254222884993244,2026-04-03 16:01:36.025422,2026-04-03 16:01:37.233961,0 days 00:00:01.208539,8,7,threshold,0.9856983906754486,5.0,COMPLETE
150,16.254222884993244,2026-04-03 16:01:37.234082,2026-04-03 16:01:38.434571,0 days 00:00:01.200489,8,7,threshold,0.9835587434927436,5.0,COMPLETE
151,16.56381974984851,2026-04-03 16:01:38.434684,2026-04-03 16:01:39.641005,0 days 00:00:01.206321,8,7,threshold,0.9894778568131494,5.0,COMPLETE
152,16.56381974984851,2026-04-03 16:01:39.641121,2026-04-03 16:01:40.844335,0 days 00:00:01.203214,8,7,threshold,0.9898161857293143,5.0,COMPLETE
153,16.254222884993244,2026-04-03 16:01:40.844451,2026-04-03 16:01:42.079566,0 days 00:00:01.235115,8,7,threshold,0.9869880273259036,5.0,COMPLETE
154,16.56381974984851,2026-04-03 16:01:42.079689,2026-04-03 16:01:43.280253,0 days 00:00:01.200564,8,7,threshold,0.9897828938520049,5.0,COMPLETE
155,16.254222884993244,2026-04-03 16:01:43.280375,2026-04-03 16:01:44.483501,0 days 00:00:01.203126,8,7,threshold,0.9840919014606069,5.0,COMPLETE
156,16.254222884993244,2026-04-03 16:01:44.483618,2026-04-03 16:01:45.688241,0 days 00:00:01.204623,8,7,threshold,0.9870716860797607,5.0,COMPLETE
157,16.422686131082358,2026-04-03 16:01:45.688366,2026-04-03 16:01:46.883475,0 days 00:00:01.195109,8,7,threshold,0.9812015198602272,5.0,COMPLETE
158,16.422686131082358,2026-04-03 16:01:46.883615,2026-04-03 16:01:48.207369,0 days 00:00:01.323754,8,7,threshold,0.9786968302245681,5.0,COMPLETE
159,16.422686131082358,2026-04-03 16:01:48.207518,2026-04-03 16:01:49.430371,0 days 00:00:01.222853,8,7,threshold,0.9749998620336905,5.0,COMPLETE
160,16.254222884993244,2026-04-03 16:01:49.430496,2026-04-03 16:01:50.641808,0 days 00:00:01.211312,8,7,threshold,0.9861055828225852,5.0,COMPLETE
161,16.56381974984851,2026-04-03 16:01:50.641924,2026-04-03 16:01:51.851011,0 days 00:00:01.209087,8,7,threshold,0.9898435155610382,5.0,COMPLETE
162,16.56381974984851,2026-04-03 16:01:51.851156,2026-04-03 16:01:53.153369,0 days 00:00:01.302213,8,7,threshold,0.9898633219811436,5.0,COMPLETE
163,16.254222884993244,2026-04-03 16:01:53.153488,2026-04-03 16:01:54.356466,0 days 00:00:01.202978,8,7,threshold,0.9843133120338062,5.0,COMPLETE
164,16.254222884993244,2026-04-03 16:01:54.356583,2026-04-03 16:01:55.561274,0 days 00:00:01.204691,8,7,threshold,0.987329167738155,5.0,COMPLETE
165,16.254222884993244,2026-04-03 16:01:55.561393,2026-04-03 16:01:56.764697,0 days 00:00:01.203304,8,7,threshold,0.9824742676093393,5.0,COMPLETE
166,16.254222884993244,2026-04-03 16:01:56.764817,2026-04-03 16:01:57.967501,0 days 00:00:01.202684,8,7,threshold,0.9874659893821262,5.0,COMPLETE
167,16.56381974984851,2026-04-03 16:01:57.967622,2026-04-03 16:01:59.171720,0 days 00:00:01.204098,8,7,threshold,0.9897745250440778,5.0,COMPLETE
168,14.676893004000593,2026-04-03 16:01:59.171865,2026-04-03 16:02:00.370115,0 days 00:00:01.198250,8,7,threshold,0.9111603067762326,5.0,COMPLETE
169,16.254222884993244,2026-04-03 16:02:00.370237,2026-04-03 16:02:01.571728,0 days 00:00:01.201491,8,7,threshold,0.9849724458934174,5.0,COMPLETE
170,15.59499300195367,2026-04-03 16:02:01.571848,2026-04-03 16:02:02.665568,0 days 00:00:01.093720,7,6,threshold,0.9820339073265676,5.0,COMPLETE
171,16.56381974984851,2026-04-03 16:02:02.665687,2026-04-03 16:02:03.899267,0 days 00:00:01.233580,8,7,threshold,0.9895162546075937,5.0,COMPLETE
172,16.254222884993244,2026-04-03 16:02:03.899389,2026-04-03 16:02:05.101305,0 days 00:00:01.201916,8,7,threshold,0.9870297951808749,5.0,COMPLETE
173,16.56381974984851,2026-04-03 16:02:05.101424,2026-04-03 16:02:06.303779,0 days 00:00:01.202355,8,7,threshold,0.989939340158387,5.0,COMPLETE
174,16.254222884993244,2026-04-03 16:02:06.303899,2026-04-03 16:02:07.511963,0 days 00:00:01.208064,8,7,threshold,0.9849972388394089,5.0,COMPLETE
175,16.56381974984851,2026-04-03 16:02:07.512079,2026-04-03 16:02:08.715200,0 days 00:00:01.203121,8,7,threshold,0.9898966603954168,5.0,COMPLETE
176,16.254222884993244,2026-04-03 16:02:08.715329,2026-04-03 16:02:09.918990,0 days 00:00:01.203661,8,7,threshold,0.9863648144850408,5.0,COMPLETE
177,16.254222884993244,2026-04-03 16:02:09.919108,2026-04-03 16:02:11.124218,0 days 00:00:01.205110,8,7,threshold,0.9830966993737371,5.0,COMPLETE
178,14.11350002546431,2026-04-03 16:02:11.124334,2026-04-03 16:02:12.331603,0 days 00:00:01.207269,8,7,threshold,0.8948359155128419,5.0,COMPLETE
179,16.254222884993244,2026-04-03 16:02:12.331721,2026-04-03 16:02:13.534781,0 days 00:00:01.203060,8,7,threshold,0.9870521607363426,5.0,COMPLETE
180,16.422686131082358,2026-04-03 16:02:13.534897,2026-04-03 16:02:14.767408,0 days 00:00:01.232511,8,7,threshold,0.9808505834009682,5.0,COMPLETE
181,16.56381974984851,2026-04-03 16:02:14.767538,2026-04-03 16:02:15.970288,0 days 00:00:01.202750,8,7,threshold,0.9896310814200138,5.0,COMPLETE
182,13.184497843859223,2026-04-03 16:02:15.970405,2026-04-03 16:02:16.438786,0 days 00:00:00.468381,3,2,threshold,0.9899155213233046,5.0,COMPLETE
183,16.254222884993244,2026-04-03 16:02:16.438904,2026-04-03 16:02:17.655495,0 days 00:00:01.216591,8,7,threshold,0.9854437505905784,5.0,COMPLETE
184,16.254222884993244,2026-04-03 16:02:17.655612,2026-04-03 16:02:18.851118,0 days 00:00:01.195506,8,7,threshold,0.987333080050872,5.0,COMPLETE
185,16.254222884993244,2026-04-03 16:02:18.851238,2026-04-03 16:02:20.051393,0 days 00:00:01.200155,8,7,threshold,0.9838382577417034,5.0,COMPLETE
186,12.896286235039515,2026-04-03 16:02:20.051521,2026-04-03 16:02:20.449730,0 days 00:00:00.398209,2,1,threshold,0.882918814821569,5.0,COMPLETE
187,16.254222884993244,2026-04-03 16:02:20.449851,2026-04-03 16:02:21.647323,0 days 00:00:01.197472,8,7,threshold,0.9874495257260365,5.0,COMPLETE
188,16.254222884993244,2026-04-03 16:02:21.647465,2026-04-03 16:02:22.948139,0 days 00:00:01.300674,8,7,threshold,0.9846790767608645,5.0,COMPLETE
189,16.254222884993244,2026-04-03 16:02:22.948289,2026-04-03 16:02:24.240263,0 days 00:00:01.291974,8,7,threshold,0.987478691945548,5.0,COMPLETE
190,16.422686131082358,2026-04-03 16:02:24.240389,2026-04-03 16:02:25.515954,0 days 00:00:01.275565,8,7,threshold,0.9806824563438505,5.0,COMPLETE
191,16.56381974984851,2026-04-03 16:02:25.516071,2026-04-03 16:02:26.718623,0 days 00:00:01.202552,8,7,threshold,0.9899848766734006,5.0,COMPLETE
192,16.56381974984851,2026-04-03 16:02:26.718762,2026-04-03 16:02:27.924444,0 days 00:00:01.205682,8,7,threshold,0.9898294635354365,5.0,COMPLETE
193,16.254222884993244,2026-04-03 16:02:27.924564,2026-04-03 16:02:29.124052,0 days 00:00:01.199488,8,7,threshold,0.9869540707366846,5.0,COMPLETE
194,16.254222884993244,2026-04-03 16:02:29.124171,2026-04-03 16:02:30.325623,0 days 00:00:01.201452,8,7,threshold,0.9844207027970812,5.0,COMPLETE
195,16.254222884993244,2026-04-03 16:02:30.325741,2026-04-03 16:02:31.531017,0 days 00:00:01.205276,8,7,threshold,0.987582672269371,5.0,COMPLETE
196,16.254222884993244,2026-04-03 16:02:31.531131,2026-04-03 16:02:32.740166,0 days 00:00:01.209035,8,7,threshold,0.9829132696484465,5.0,COMPLETE
197,16.254222884993244,2026-04-03 16:02:32.740292,2026-04-03 16:02:33.941577,0 days 00:00:01.201285,8,7,threshold,0.9876780154201187,5.0,COMPLETE
198,16.254222884993244,2026-04-03 16:02:33.941692,2026-04-03 16:02:35.175935,0 days 00:00:01.234243,8,7,threshold,0.9857371532540755,5.0,COMPLETE
199,16.254222884993244,2026-04-03 16:02:35.176061,2026-04-03 16:02:36.381758,0 days 00:00:01.205697,8,7,threshold,0.9846717993391801,5.0,COMPLETE
200,16.56381974984851,2026-04-03 16:02:36.381884,2026-04-03 16:02:37.586997,0 days 00:00:01.205113,8,7,threshold,0.9895711718775962,5.0,COMPLETE
201,16.254222884993244,2026-04-03 16:02:37.587113,2026-04-03 16:02:38.788387,0 days 00:00:01.201274,8,7,threshold,0.9880051865293362,5.0,COMPLETE
202,16.56381974984851,2026-04-03 16:02:38.788526,2026-04-03 16:02:39.990542,0 days 00:00:01.202016,8,7,threshold,0.9898320748921634,5.0,COMPLETE
203,16.56381974984851,2026-04-03 16:02:39.990658,2026-04-03 16:02:41.194922,0 days 00:00:01.204264,8,7,threshold,0.9896419528765538,5.0,COMPLETE
204,16.254222884993244,2026-04-03 16:02:41.195063,2026-04-03 16:02:42.397029,0 days 00:00:01.201966,8,7,threshold,0.9854186824668627,5.0,COMPLETE
205,16.56381974984851,2026-04-03 16:02:42.397148,2026-04-03 16:02:43.595458,0 days 00:00:01.198310,8,7,threshold,0.9898460815723512,5.0,COMPLETE
206,16.254222884993244,2026-04-03 16:02:43.595590,2026-04-03 16:02:44.795035,0 days 00:00:01.199445,8,7,threshold,0.9825457889692812,5.0,COMPLETE
207,16.254222884993244,2026-04-03 16:02:44.795160,2026-04-03 16:02:46.025481,0 days 00:00:01.230321,8,7,threshold,0.9867028041766853,5.0,COMPLETE
208,16.254222884993244,2026-04-03 16:02:46.025599,2026-04-03 16:02:47.244418,0 days 00:00:01.218819,8,7,threshold,0.9871519130903822,5.0,COMPLETE
209,16.254222884993244,2026-04-03 16:02:47.244540,2026-04-03 16:02:48.452243,0 days 00:00:01.207703,8,7,threshold,0.9831159976751266,5.0,COMPLETE
210,16.422686131082358,2026-04-03 16:02:48.452362,2026-04-03 16:02:49.663130,0 days 00:00:01.210768,8,7,threshold,0.9784494725984207,5.0,COMPLETE
211,16.56381974984851,2026-04-03 16:02:49.663254,2026-04-03 16:02:50.862535,0 days 00:00:01.199281,8,7,threshold,0.9898126281530786,5.0,COMPLETE
212,16.254222884993244,2026-04-03 16:02:50.862656,2026-04-03 16:02:52.060624,0 days 00:00:01.197968,8,7,threshold,0.9870400293283049,5.0,COMPLETE
213,16.56381974984851,2026-04-03 16:02:52.060742,2026-04-03 16:02:53.261734,0 days 00:00:01.200992,8,7,threshold,0.9896913990668857,5.0,COMPLETE
214,16.56381974984851,2026-04-03 16:02:53.261855,2026-04-03 16:02:54.466907,0 days 00:00:01.205052,8,7,threshold,0.9899529686118126,5.0,COMPLETE
215,14.78507333791643,2026-04-03 16:02:54.467022,2026-04-03 16:02:55.670081,0 days 00:00:01.203059,8,7,threshold,0.9378084439925005,5.0,COMPLETE
216,16.254222884993244,2026-04-03 16:02:55.670201,2026-04-03 16:02:56.905568,0 days 00:00:01.235367,8,7,threshold,0.985399181369759,5.0,COMPLETE
217,16.254222884993244,2026-04-03 16:02:56.905692,2026-04-03 16:02:58.113060,0 days 00:00:01.207368,8,7,threshold,0.9849209414686242,5.0,COMPLETE
218,16.254222884993244,2026-04-03 16:02:58.113179,2026-04-03 16:02:59.319885,0 days 00:00:01.206706,8,7,threshold,0.9873948052303058,5.0,COMPLETE
219,16.422686131082358,2026-04-03 16:02:59.320004,2026-04-03 16:03:00.530059,0 days 00:00:01.210055,8,7,threshold,0.9820962791916426,5.0,COMPLETE
220,16.254222884993244,2026-04-03 16:03:00.530177,2026-04-03 16:03:01.732213,0 days 00:00:01.202036,8,7,threshold,0.9873451319743536,5.0,COMPLETE
221,16.254222884993244,2026-04-03 16:03:01.732340,2026-04-03 16:03:02.938227,0 days 00:00:01.205887,8,7,threshold,0.9878067037077577,5.0,COMPLETE
222,8.421482759304768,2026-04-03 16:03:02.938366,2026-04-03 16:03:03.855419,0 days 00:00:00.917053,5,3,threshold,0.9899241027620665,5.0,COMPLETE
223,16.254222884993244,2026-04-03 16:03:03.855540,2026-04-03 16:03:05.057692,0 days 00:00:01.202152,8,7,threshold,0.985020373049536,5.0,COMPLETE
224,16.56381974984851,2026-04-03 16:03:05.057810,2026-04-03 16:03:06.265378,0 days 00:00:01.207568,8,7,threshold,0.9896358427713973,5.0,COMPLETE
225,16.56381974984851,2026-04-03 16:03:06.265497,2026-04-03 16:03:07.498727,0 days 00:00:01.233230,8,7,threshold,0.9899671662179327,5.0,COMPLETE
226,14.676893004000593,2026-04-03 16:03:07.498861,2026-04-03 16:03:08.701657,0 days 00:00:01.202796,8,7,threshold,0.9200577475917063,5.0,COMPLETE
227,16.254222884993244,2026-04-03 16:03:08.701775,2026-04-03 16:03:09.903394,0 days 00:00:01.201619,8,7,threshold,0.9856044007859327,5.0,COMPLETE
228,16.254222884993244,2026-04-03 16:03:09.903513,2026-04-03 16:03:11.105895,0 days 00:00:01.202382,8,7,threshold,0.9872247380161889,5.0,COMPLETE
229,16.56381974984851,2026-04-03 16:03:11.106011,2026-04-03 16:03:12.309770,0 days 00:00:01.203759,8,7,threshold,0.9899193199387525,5.0,COMPLETE
230,16.254222884993244,2026-04-03 16:03:12.309894,2026-04-03 16:03:13.511616,0 days 00:00:01.201722,8,7,threshold,0.9842161269447027,5.0,COMPLETE
231,16.56381974984851,2026-04-03 16:03:13.511736,2026-04-03 16:03:14.711848,0 days 00:00:01.200112,8,7,threshold,0.9899629787072297,5.0,COMPLETE
232,16.254222884993244,2026-04-03 16:03:14.711969,2026-04-03 16:03:15.907596,0 days 00:00:01.195627,8,7,threshold,0.9873024624601184,5.0,COMPLETE
233,7.525252155513431,2026-04-03 16:03:15.907714,2026-04-03 16:03:16.477432,0 days 00:00:00.569718,4,2,threshold,0.986833365983057,5.0,COMPLETE
234,16.56381974984851,2026-04-03 16:03:16.477546,2026-04-03 16:03:18.281832,0 days 00:00:01.804286,8,7,threshold,0.9899303798042378,5.0,COMPLETE
235,16.254222884993244,2026-04-03 16:03:18.282166,2026-04-03 16:03:19.536728,0 days 00:00:01.254562,8,7,threshold,0.984235884378768,5.0,COMPLETE
236,16.254222884993244,2026-04-03 16:03:19.536855,2026-04-03 16:03:20.764490,0 days 00:00:01.227635,8,7,threshold,0.9876073077179632,5.0,COMPLETE
237,16.56381974984851,2026-04-03 16:03:20.764613,2026-04-03 16:03:21.965510,0 days 00:00:01.200897,8,7,threshold,0.9899541081029662,5.0,COMPLETE
238,16.254222884993244,2026-04-03 16:03:21.965640,2026-04-03 16:03:23.167336,0 days 00:00:01.201696,8,7,threshold,0.9852672300742746,5.0,COMPLETE
239,16.422686131082358,2026-04-03 16:03:23.167461,2026-04-03 16:03:24.366275,0 days 00:00:01.198814,8,7,threshold,0.9818264801435775,5.0,COMPLETE
240,16.254222884993244,2026-04-03 16:03:24.366390,2026-04-03 16:03:25.564805,0 days 00:00:01.198415,8,7,threshold,0.9872710699512286,5.0,COMPLETE
241,16.56381974984851,2026-04-03 16:03:25.564921,2026-04-03 16:03:26.773627,0 days 00:00:01.208706,8,7,threshold,0.9899673681152084,5.0,COMPLETE
242,16.254222884993244,2026-04-03 16:03:26.773744,2026-04-03 16:03:27.973917,0 days 00:00:01.200173,8,7,threshold,0.9872929048946968,5.0,COMPLETE
243,16.254222884993244,2026-04-03 16:03:27.974033,2026-04-03 16:03:29.215056,0 days 00:00:01.241023,8,7,threshold,0.9872210417323213,5.0,COMPLETE
244,16.56381974984851,2026-04-03 16:03:29.215178,2026-04-03 16:03:30.409113,0 days 00:00:01.193935,8,7,threshold,0.9899415612854158,5.0,COMPLETE
245,16.254222884993244,2026-04-03 16:03:30.409227,2026-04-03 16:03:31.611594,0 days 00:00:01.202367,8,7,threshold,0.9844909575687911,5.0,COMPLETE
246,16.254222884993244,2026-04-03 16:03:31.611713,2026-04-03 16:03:32.898931,0 days 00:00:01.287218,8,7,threshold,0.9874083393447018,5.0,COMPLETE
247,16.254222884993244,2026-04-03 16:03:32.899059,2026-04-03 16:03:34.110134,0 days 00:00:01.211075,8,7,threshold,0.985174385639333,5.0,COMPLETE
248,16.56381974984851,2026-04-03 16:03:34.110249,2026-04-03 16:03:35.313107,0 days 00:00:01.202858,8,7,threshold,0.9898331115532154,5.0,COMPLETE
249,16.254222884993244,2026-04-03 16:03:35.313227,2026-04-03 16:03:36.518036,0 days 00:00:01.204809,8,7,threshold,0.9833830250867018,5.0,COMPLETE
250,16.254222884993244,2026-04-03 16:03:36.518156,2026-04-03 16:03:37.750803,0 days 00:00:01.232647,8,7,threshold,0.9871473062327561,5.0,COMPLETE
251,16.56381974984851,2026-04-03 16:03:37.750925,2026-04-03 16:03:38.985668,0 days 00:00:01.234743,8,7,threshold,0.9899457401351264,5.0,COMPLETE
252,16.254222884993244,2026-04-03 16:03:38.985816,2026-04-03 16:03:58.643890,0 days 00:00:19.658074,8,7,threshold,0.9857054596752464,5.0,COMPLETE
253,16.56381974984851,2026-04-03 16:03:58.644098,2026-04-03 16:03:59.900227,0 days 00:00:01.256129,8,7,threshold,0.9899650482338878,5.0,COMPLETE
254,16.254222884993244,2026-04-03 16:03:59.900345,2026-04-03 16:04:01.142692,0 days 00:00:01.242347,8,7,threshold,0.9828590857970062,5.0,COMPLETE
255,16.254222884993244,2026-04-03 16:04:01.142815,2026-04-03 16:04:03.025536,0 days 00:00:01.882721,8,7,threshold,0.9871918271657965,5.0,COMPLETE
256,16.254222884993244,2026-04-03 16:04:03.025821,2026-04-03 16:04:04.276687,0 days 00:00:01.250866,8,7,threshold,0.987231604798751,5.0,COMPLETE
257,14.11350002546431,2026-04-03 16:04:04.276810,2026-04-03 16:04:05.489775,0 days 00:00:01.212965,8,7,threshold,0.8701654446581053,5.0,COMPLETE
258,16.254222884993244,2026-04-03 16:04:05.489892,2026-04-03 16:04:06.700650,0 days 00:00:01.210758,8,7,threshold,0.9846687887139215,5.0,COMPLETE
259,6.342030674873735,2026-04-03 16:04:06.700786,2026-04-03 16:04:07.622079,0 days 00:00:00.921293,6,4,threshold,0.9816925168306428,5.0,COMPLETE
260,16.56381974984851,2026-04-03 16:04:07.622201,2026-04-03 16:04:08.840713,0 days 00:00:01.218512,8,7,threshold,0.9899402621247652,5.0,COMPLETE
261,14.11350002546431,2026-04-03 16:04:08.840832,2026-04-03 16:04:10.047836,0 days 00:00:01.207004,8,7,threshold,0.8566479680282427,5.0,COMPLETE
262,14.676893004000593,2026-04-03 16:04:10.047961,2026-04-03 16:04:11.300342,0 days 00:00:01.252381,8,7,threshold,0.9296034732260616,5.0,COMPLETE
263,16.254222884993244,2026-04-03 16:04:11.300464,2026-04-03 16:04:12.499734,0 days 00:00:01.199270,8,7,threshold,0.9871661346623669,5.0,COMPLETE
264,16.254222884993244,2026-04-03 16:04:12.499855,2026-04-03 16:04:13.702112,0 days 00:00:01.202257,8,7,threshold,0.9850301776140993,5.0,COMPLETE
265,16.254222884993244,2026-04-03 16:04:13.702232,2026-04-03 16:04:14.900511,0 days 00:00:01.198279,8,7,threshold,0.9878871943281632,5.0,COMPLETE
266,16.422686131082358,2026-04-03 16:04:14.900663,2026-04-03 16:04:16.096353,0 days 00:00:01.195690,8,7,threshold,0.979964629064132,5.0,COMPLETE
267,16.56381974984851,2026-04-03 16:04:16.096477,2026-04-03 16:04:17.322457,0 days 00:00:01.225980,8,7,threshold,0.989923242455243,5.0,COMPLETE
268,16.254222884993244,2026-04-03 16:04:17.322579,2026-04-03 16:04:18.523056,0 days 00:00:01.200477,8,7,threshold,0.9845616475840698,5.0,COMPLETE
269,16.254222884993244,2026-04-03 16:04:18.523170,2026-04-03 16:04:19.729207,0 days 00:00:01.206037,8,7,threshold,0.9873568326725828,5.0,COMPLETE
270,16.254222884993244,2026-04-03 16:04:19.729328,2026-04-03 16:04:21.031704,0 days 00:00:01.302376,8,7,threshold,0.9825994183887142,5.0,COMPLETE
271,16.254222884993244,2026-04-03 16:04:21.031821,2026-04-03 16:04:22.285598,0 days 00:00:01.253777,8,7,threshold,0.9874621906126574,5.0,COMPLETE
272,16.254222884993244,2026-04-03 16:04:22.285734,2026-04-03 16:04:23.487285,0 days 00:00:01.201551,8,7,threshold,0.9846778580580736,5.0,COMPLETE
273,16.254222884993244,2026-04-03 16:04:23.487404,2026-04-03 16:04:24.703354,0 days 00:00:01.215950,8,7,threshold,0.9876020662003944,5.0,COMPLETE
274,14.78507333791643,2026-04-03 16:04:24.703471,2026-04-03 16:04:25.903172,0 days 00:00:01.199701,8,7,threshold,0.9542300259898122,5.0,COMPLETE
275,16.254222884993244,2026-04-03 16:04:25.903297,2026-04-03 16:04:27.107046,0 days 00:00:01.203749,8,7,threshold,0.9853920994527168,5.0,COMPLETE
276,16.56381974984851,2026-04-03 16:04:27.107163,2026-04-03 16:04:28.312024,0 days 00:00:01.204861,8,7,threshold,0.9899284810107113,5.0,COMPLETE
277,14.047256579150739,2026-04-03 16:04:28.312144,2026-04-03 16:04:29.514668,0 days 00:00:01.202524,8,7,threshold,0.9015719502065757,5.0,COMPLETE
278,16.56381974984851,2026-04-03 16:04:29.514790,2026-04-03 16:04:30.718671,0 days 00:00:01.203881,8,7,threshold,0.989947867419091,5.0,COMPLETE
279,16.422686131082358,2026-04-03 16:04:30.718793,2026-04-03 16:04:31.917623,0 days 00:00:01.198830,8,7,threshold,0.9817103568897466,5.0,COMPLETE
280,5.80032705951664,2026-04-03 16:04:31.917741,2026-04-03 16:04:33.116019,0 days 00:00:01.198278,8,5,threshold,0.9871264376495231,5.0,COMPLETE
281,16.254222884993244,2026-04-03 16:04:33.116134,2026-04-03 16:04:34.347456,0 days 00:00:01.231322,8,7,threshold,0.9836551582104206,5.0,COMPLETE
282,16.254222884993244,2026-04-03 16:04:34.347575,2026-04-03 16:04:35.545002,0 days 00:00:01.197427,8,7,threshold,0.9869590853749233,5.0,COMPLETE
283,16.56381974984851,2026-04-03 16:04:35.545119,2026-04-03 16:04:36.749824,0 days 00:00:01.204705,8,7,threshold,0.9898127557514063,5.0,COMPLETE
284,16.254222884993244,2026-04-03 16:04:36.749947,2026-04-03 16:04:37.953996,0 days 00:00:01.204049,8,7,threshold,0.9855478615617213,5.0,COMPLETE
285,16.254222884993244,2026-04-03 16:04:37.954122,2026-04-03 16:04:39.168981,0 days 00:00:01.214859,8,7,threshold,0.9875540030701494,5.0,COMPLETE
286,9.782240682952253,2026-04-03 16:04:39.169098,2026-04-03 16:04:40.376094,0 days 00:00:01.206996,8,6,threshold,0.9899478188777683,5.0,COMPLETE
287,16.422686131082358,2026-04-03 16:04:40.376216,2026-04-03 16:04:41.598026,0 days 00:00:01.221810,8,7,threshold,0.9806487793880142,5.0,COMPLETE
288,16.254222884993244,2026-04-03 16:04:41.598144,2026-04-03 16:04:42.807378,0 days 00:00:01.209234,8,7,threshold,0.9846096645046081,5.0,COMPLETE
289,16.56381974984851,2026-04-03 16:04:42.807498,2026-04-03 16:04:44.015360,0 days 00:00:01.207862,8,7,threshold,0.9899695298405942,5.0,COMPLETE
290,14.78507333791643,2026-04-03 16:04:44.015477,2026-04-03 16:04:45.261495,0 days 00:00:01.246018,8,7,threshold,0.9436652671882972,5.0,COMPLETE
291,7.525252155513431,2026-04-03 16:04:45.261622,2026-04-03 16:04:45.847648,0 days 00:00:00.586026,4,2,threshold,0.9870799766707912,5.0,COMPLETE
292,16.254222884993244,2026-04-03 16:04:45.847766,2026-04-03 16:04:47.054951,0 days 00:00:01.207185,8,7,threshold,0.9831676331753548,5.0,COMPLETE
293,15.59499300195367,2026-04-03 16:04:47.055074,2026-04-03 16:04:48.155075,0 days 00:00:01.100001,7,6,threshold,0.987231894831316,5.0,COMPLETE
294,16.56381974984851,2026-04-03 16:04:48.155192,2026-04-03 16:04:49.361163,0 days 00:00:01.205971,8,7,threshold,0.9899686940016287,5.0,COMPLETE
295,16.254222884993244,2026-04-03 16:04:49.361285,2026-04-03 16:04:50.567099,0 days 00:00:01.205814,8,7,threshold,0.984993366183039,5.0,COMPLETE
296,16.422686131082358,2026-04-03 16:04:50.567218,2026-04-03 16:04:51.773693,0 days 00:00:01.206475,8,7,threshold,0.9800669880630408,5.0,COMPLETE
297,16.254222884993244,2026-04-03 16:04:51.773814,2026-04-03 16:04:52.981401,0 days 00:00:01.207587,8,7,threshold,0.9868761255098067,5.0,COMPLETE
298,16.56381974984851,2026-04-03 16:04:52.981516,2026-04-03 16:04:54.179653,0 days 00:00:01.198137,8,7,threshold,0.9899908437500085,5.0,COMPLETE
299,16.254222884993244,2026-04-03 16:04:54.179778,2026-04-03 16:04:55.528726,0 days 00:00:01.348948,8,7,threshold,0.983918090315508,5.0,COMPLETE
